{"cameraMode":{"drawMode":0,"name":"Shaded","section":"Shading Mode"},"sceneLighting":false,"audioPlay":false,"sceneViewState":{"showFog":true,"showMaterialUpdate":false,"showSkybox":false,"showFlares":true,"showImageEffects":true,"showParticleSystems":true},"in2DMode":false,"pivot":{"x":15.431588172912598,"y":1.4592432975769044,"z":18.19427490234375},"rotation":{"x":-0.027905356138944627,"y":0.9584109783172607,"z":-0.2655680775642395,"w":-0.10071352124214173},"size":9.552682876586914,"orthographic":false}